ID_Hist_Generada;CA_Generado;CA_Esp_1;Sim_1;Hist_Esp_1;CA_Esp_2;Sim_2;Hist_Esp_2;CA_Esp_3;Sim_3;Hist_Esp_3;Correspondencias Reales (IDs);Notas
"1";"The system allows entry of personal and medical background data";"The system must request the full name, date of birth, sex, identity document, and contact details (email address and phone number).";"0.6461";"1";"The system must assign a unique patient number to the new patient.";"0.5010";"1";"The system must display an error if a patient with the entered identity document already exists.";"0.4869";"1";"1";""
"1";"Each patient receives a unique identifier";"The system must assign a unique patient number to the new patient.";"0.8034";"1";"The system must display an error if a patient with the entered identity document already exists.";"0.6005";"1";"The system must request the full name, date of birth, sex, identity document, and contact details (email address and phone number).";"0.3620";"1";"1";""
"1";"Duplicate identity documents or identifiers are not allowed";"The system must display an error if a patient with the entered identity document already exists.";"0.6793";"1";"The system must request the full name, date of birth, sex, identity document, and contact details (email address and phone number).";"0.3826";"1";"The system must assign a unique patient number to the new patient.";"0.3798";"1";"1";""
"2";"The system allows editing of existing patient records";"The system must allow modifying the full name, date of birth, sex, identity document, and contact details (email address and phone number).";"0.5844";"3";"";"";"";"";"";"";"1";""
"3";"The system supports search by name, document, or identifier";"The system must display a search field that allows entering the identity document.";"0.6471";"6";"The system must display a search field that allows entering the name.";"0.6394";"5";"The system must display a search field that allows entering the patient number.";"0.5183";"7";"1, 2, 3";""
"4";"The system displays all patient data in a single view";"The system must display the patient's personal data: full name, date of birth, sex, identity document, and contact details (email address and phone number).";"0.6495";"11";"The system must display the patient number.";"0.6465";"11";"";"";"";"1";""
"5";"The system allows selection of patient, specialty, and doctor";"The system must allow selecting the specialty and doctor for the appointment.";"0.8839";"13";"The system must display the available time slots in the selected doctor's schedule.";"0.6539";"13";"The system must display an error if an appointment already exists at that time slot.";"0.3365";"13";"1";""
"5";"Overlapping appointments are prevented";"The system must display an error if an appointment already exists at that time slot.";"0.6867";"13";"The system must display the available time slots in the selected doctor's schedule.";"0.4883";"13";"The system must change the appointment status to Confirmed after a successful registration.";"0.4527";"13";"1";""
"6";"The system displays doctors’ schedules and availability";"The system must display the available time slots in the selected doctor's schedule.";"0.8328";"13";"The system must allow selecting the specialty and doctor for the appointment.";"0.6591";"13";"The system must display an error if an appointment already exists at that time slot.";"0.5134";"13";"1";""
"7";"The system allows editing and canceling of appointments";"The system must allow editing the date and time of an existing appointment.";"0.7884";"15";"The system must allow changing the appointment status to Canceled.";"0.7505";"14";"The system must make the previous time slot available again in the doctor's schedule.";"0.5071";"14";"1, 2";""
"7";"Patients are notified of changes";"The system must make the previous time slot available again in the doctor's schedule.";"0.4651";"14";"The system must allow editing the date and time of an existing appointment.";"0.3788";"15";"The system must allow changing the appointment status to Canceled.";"0.2897";"14";"";""
"8";"Notifications are sent promptly after changes";"The system must indicate in the notification if the appointment had a schedule change.";"0.5508";"16";"The system must indicate in the notification if the appointment had a schedule change.";"0.5508";"17";"The system must include the new appointment date in the notification when a date change occurs.";"0.5235";"16";"1, 3";""
"9";"Appointment statuses include Confirmed, Canceled, Attended, and Not attended";"The system must change the appointment status to Confirmed after a successful registration.";"0.6186";"13";"The system must display an error if an appointment already exists at that time slot.";"0.4562";"13";"The system must display the available time slots in the selected doctor's schedule.";"0.4211";"13";"1";""
"10";"The system allows entry and editing of clinical records";"The system must allow entering the patient's blood type.";"0.5540";"4";"The system must allow entering chronic diseases, allergies, relevant injuries, and regular medications along with the date they started/occurred, with the option to indicate from birth.";"0.5336";"4";"";"";"";"1, 2";""
"10";"Each entry is timestamped";"The system must allow entering chronic diseases, allergies, relevant injuries, and regular medications along with the date they started/occurred, with the option to indicate from birth.";"0.2781";"4";"The system must allow entering the patient's blood type.";"0.0750";"4";"";"";"";"";""
"11";"Patients can view but not edit their records";"The system must list all appointments associated with the patient.";"0.3505";"20";"The system must allow sorting the information by date, responsible doctor, or specialty.";"0.3038";"20";"The system must list all invoices associated with the patient.";"0.2838";"20";"";""
"11";"Access is restricted to authorized users";"The system must allow viewing the details of each listed item.";"0.1461";"20";"The system must list all appointments associated with the patient.";"0.0590";"20";"The system must allow sorting the information by date, responsible doctor, or specialty.";"0.0338";"20";"";""
"12";"The system allows entry and editing of staff data and specialties";"The system must allow registering the doctor's full name, identity document number, and contact details (email address and phone number).";"0.5073";"21";"The system must allow associating a specialty with the doctor being registered.";"0.4369";"21";"The system must allow defining the doctor's status as active or inactive.";"0.4153";"21";"1, 2, 3";""
"13";"The system supports setting and updating working hours";"The system must allow editing the start time and end time for a day of the week.";"0.7045";"24";"The system must allow defining the start time and end time per day of the week.";"0.6306";"22";"The system must allow defining more than one time slot per day.";"0.5931";"22";"1, 2";""
"13";"Professionals can be activated or deactivated for scheduling";"The system must allow editing the start time and end time for a day of the week.";"0.4328";"24";"The system must allow defining more than one time slot per day.";"0.4138";"22";"The system must allow editing the days of the week for attention.";"0.4050";"24";"";""
"14";"The system enforces role-based access control";"The system must display an error if a user accesses a functionality not defined in their role.";"0.6700";"28";"The system must associate functionalities with each role.";"0.5927";"28";"The system must define the following roles: administrative staff, doctor, pharmacist, analyst, and patient.";"0.4571";"27";"1, 2, 3";""
"14";"Permissions are validated before actions are executed";"The system must display an error if a user accesses a functionality not defined in their role.";"0.4860";"28";"The system must associate functionalities with each role.";"0.2486";"28";"The system must define the following roles: administrative staff, doctor, pharmacist, analyst, and patient.";"0.1423";"27";"1";""
"15";"The system generates invoices with unique identifiers";"The system must include a unique identifier in the invoice.";"0.8195";"34";"The system must include a unique identifier in the invoice.";"0.8195";"29";"The system must associate the invoice with the patient and the appointment.";"0.6078";"29";"3, 1";""
"15";"Invoices are associated with patients and services";"The system must associate the invoice with the patient and the appointment.";"0.8179";"29";"The system must associate the invoice with the patient and the medication.";"0.7850";"34";"The system must include in the invoice the patient's full name, medication name, date, and total cost.";"0.7180";"34";"1, 2";""
"16";"Notifications are sent with invoice attachments";"The system must send the email within 10 minutes after the invoice is generated.";"0.5307";"36";"The system must include the invoice attached in PDF format.";"0.4691";"36";"The system must send an email to the patient's email address containing: invoice identifier, patient name, date, and service type (appointment or medication).";"0.4621";"36";"2";""
"17";"The system allows entry of medication and supply data";"The system must register each medication with name, manufacturer, available units, stock number, and expiration date.";"0.7999";"38";"The system must register each supply with name, manufacturer, available units, stock number, and expiration date.";"0.6501";"39";"The system must display an error if the medication name is left empty.";"0.5832";"38";"1, 2";""
"18";"Stock is updated in real time upon delivery";"The system must update the available units according to the collected quantity.";"0.4115";"42";"The system must allow selecting the quantity to collect.";"0.2507";"42";"The system must display an error if the collected quantity exceeds the available units.";"0.2064";"42";"1";""
"19";"The system detects minimum stock and upcoming expirations and sends notifications";"The system must display the supply's expiration date.";"0.5731";"52";"The system must allow listing all supplies and sorting them by expiration date.";"0.5434";"52";"The system must highlight in red when one month remains before the supply expires.";"0.5141";"52";"1, 3";""
"20";"Inventory can be sorted by quantity or expiration";"The system must display the supply name and the expiration date.";"0.5525";"46";"The system must display the medication name and the number of available units.";"0.4445";"43";"The system sorts from lowest to highest.";"0.4330";"46";"3";""
"21";"Reports include all specified metrics";"The system must list all existing specialties.";"0.3116";"55";"The system must display the total number of units collected.";"0.2769";"57";"The system must display the hospital's total income.";"0.2759";"56";"3";""
"21";"Reports can be filtered by date range";"The system must allow choosing the query date range.";"0.6086";"56";"The system must allow choosing the query date range.";"0.6086";"57";"The system must allow choosing a date range.";"0.5397";"55";"1, 3";""
"22";"The system does not allow invalid date ranges";"";"";"";"";"";"";"";"";"";"";""
"23";"Notifications are sent shortly after relevant events";"";"";"";"";"";"";"";"";"";"";""