ID Hist Generada;Historia Generada;Historia Esperada 1 (Similitud);Historia Esperada 2 (Similitud);Historia Esperada 3 (Similitud);Historia Esperada 4 (Similitud);Historia Esperada 5 (Similitud);Historia Esperada 6 (Similitud);Historia Esperada 7 (Similitud);Historia Esperada 8 (Similitud);Historia Esperada 9 (Similitud);Historia Esperada 10 (Similitud);Similitud Maxima;Clasificación;Correspondencias Reales (IDs);Notas
"1";"As an administrative staff member, I want to register patients with personal data and medical background, so that the hospital can maintain accurate and complete patient records.";"[1] [0.8612] As administrative staff, I want to register a new patient's data to enroll them in the system.";"[4] [0.8227] As administrative staff, I want to register a patient's medical background in their electronic clinical record to understand their health status.";"[13] [0.7280] As administrative staff, I want to register an appointment to schedule a patient's medical care.";"[21] [0.7007] As administrative staff, I want to register doctors with their respective specialties to enroll them in the system.";"[11] [0.6982] As administrative staff, I want to view a patient's complete information to consult their personal data.";"[3] [0.6860] As administrative staff, I want to edit a registered patient's data to keep the information up to date.";"[38] [0.6755] As a pharmacist, I want to register medications to keep the hospital inventory up to date.";"[26] [0.6628] As administrative staff, I want to activate a registered doctor to keep the information up to date.";"[23] [0.6591] As administrative staff, I want to edit a registered doctor's data to keep the information up to date.";"[39] [0.6545] As a pharmacist, I want to register supplies to keep the hospital inventory up to date.";"0.8612";"Alineada";"1";""
"2";"As an administrative staff member, I want to modify the personal and contact details of a registered patient, so that patient information remains up to date.";"[3] [0.8599] As administrative staff, I want to edit a registered patient's data to keep the information up to date.";"[23] [0.8337] As administrative staff, I want to edit a registered doctor's data to keep the information up to date.";"[24] [0.6954] As administrative staff, I want to edit a doctor's attention hours to keep the information up to date.";"[1] [0.6384] As administrative staff, I want to register a new patient's data to enroll them in the system.";"[4] [0.6164] As administrative staff, I want to register a patient's medical background in their electronic clinical record to understand their health status.";"[11] [0.6016] As administrative staff, I want to view a patient's complete information to consult their personal data.";"[25] [0.5986] As administrative staff, I want to deactivate a registered doctor to keep the information up to date.";"[15] [0.5972] As administrative staff, I want to edit an existing appointment to change its date without losing the information.";"[26] [0.5901] As administrative staff, I want to activate a registered doctor to keep the information up to date.";"[13] [0.5795] As administrative staff, I want to register an appointment to schedule a patient's medical care.";"0.8599";"Alineada";"3";""
"3";"As an administrative staff member, I want to search for patients by name, identity document, or identifier number, so that I can quickly locate patient records.";"[7] [0.8921] As administrative staff, I want to search for a patient by their patient number to retrieve their record.";"[6] [0.8908] As administrative staff, I want to search for a patient by their identity document to retrieve their record.";"[5] [0.8800] As administrative staff, I want to search for a patient by their name to access their information.";"[10] [0.8513] As a doctor, I want to search for a patient by their patient number to access their clinical record.";"[9] [0.8506] As a doctor, I want to search for a patient by their identity document to access their clinical record.";"[32] [0.8132] As a pharmacist, I want to search for a patient by their identity document to consult the patient's medications.";"[8] [0.8081] As a doctor, I want to search for a patient by their name to consult their clinical record.";"[11] [0.6496] As administrative staff, I want to view a patient's complete information to consult their personal data.";"[49] [0.6236] As a pharmacist, I want to search for a medication by its name to access its information.";"[18] [0.5794] As a doctor, I want to access a patient's clinical record to review their prior information.";"0.8921";"Alineada";"7, 6, 5";""
"4";"As an authorized user, I want to visualize a patient's complete information, so that I can review all relevant details for care or administration.";"[11] [0.8349] As administrative staff, I want to view a patient's complete information to consult their personal data.";"[12] [0.6402] As administrative staff, I want to view a patient's scheduled appointments to consult their information.";"[18] [0.6389] As a doctor, I want to access a patient's clinical record to review their prior information.";"[35] [0.6378] As administrative staff, I want to view a patient's medications to consult their medications.";"[20] [0.6215] As a patient, I want to consult my electronic clinical record to access my medical information.";"[4] [0.6163] As administrative staff, I want to register a patient's medical background in their electronic clinical record to understand their health status.";"[33] [0.6125] As a pharmacist, I want to view a patient's medications to consult their medications.";"[3] [0.5744] As administrative staff, I want to edit a registered patient's data to keep the information up to date.";"[1] [0.5568] As administrative staff, I want to register a new patient's data to enroll them in the system.";"[5] [0.5372] As administrative staff, I want to search for a patient by their name to access their information.";"0.8349";"Alineada";"11";""
"5";"As an administrative staff member, I want to create medical appointments by associating the patient, specialty, and professional, so that appointments are scheduled accurately.";"[13] [0.7197] As administrative staff, I want to register an appointment to schedule a patient's medical care.";"[22] [0.7018] As administrative staff, I want to define a doctor's attention hours to enable appointment assignment.";"[21] [0.6890] As administrative staff, I want to register doctors with their respective specialties to enroll them in the system.";"[12] [0.6587] As administrative staff, I want to view a patient's scheduled appointments to consult their information.";"[24] [0.6007] As administrative staff, I want to edit a doctor's attention hours to keep the information up to date.";"[4] [0.5944] As administrative staff, I want to register a patient's medical background in their electronic clinical record to understand their health status.";"[19] [0.5943] As a doctor, I want to register the diagnosis made during the appointment to document the medical care provided.";"[23] [0.5890] As administrative staff, I want to edit a registered doctor's data to keep the information up to date.";"[1] [0.5780] As administrative staff, I want to register a new patient's data to enroll them in the system.";"[26] [0.5486] As administrative staff, I want to activate a registered doctor to keep the information up to date.";"0.7197";"Alineada";"13";""
"6";"As an administrative staff member, I want to visualize the availability of registered doctors, so that I can schedule appointments efficiently.";"[21] [0.6867] As administrative staff, I want to register doctors with their respective specialties to enroll them in the system.";"[12] [0.6610] As administrative staff, I want to view a patient's scheduled appointments to consult their information.";"[55] [0.6383] As an analyst, I want to view appointment statistics by specialty to evaluate the workload.";"[22] [0.6159] As administrative staff, I want to define a doctor's attention hours to enable appointment assignment.";"[13] [0.5976] As administrative staff, I want to register an appointment to schedule a patient's medical care.";"[26] [0.5875] As administrative staff, I want to activate a registered doctor to keep the information up to date.";"[11] [0.5273] As administrative staff, I want to view a patient's complete information to consult their personal data.";"[1] [0.5217] As administrative staff, I want to register a new patient's data to enroll them in the system.";"[57] [0.5110] As an analyst, I want to view supply consumption to evaluate the hospital's inventory usage.";"[23] [0.5097] As administrative staff, I want to edit a registered doctor's data to keep the information up to date.";"0.6867";"Posiblemente alineada";"13";"Faltan historias en el conjunto esperado para corresponderse completamente"
"7";"As an administrative staff member, I want to modify or cancel existing appointments, so that changes can be managed as needed.";"[14] [0.8235] As administrative staff, I want to cancel an existing appointment to free up the time slot in the schedule.";"[15] [0.8067] As administrative staff, I want to edit an existing appointment to change its date without losing the information.";"[24] [0.6964] As administrative staff, I want to edit a doctor's attention hours to keep the information up to date.";"[13] [0.6026] As administrative staff, I want to register an appointment to schedule a patient's medical care.";"[12] [0.5763] As administrative staff, I want to view a patient's scheduled appointments to consult their information.";"[16] [0.5648] As a patient, I want to be notified by email when my appointment is modified so I stay informed.";"[23] [0.5376] As administrative staff, I want to edit a registered doctor's data to keep the information up to date.";"[25] [0.5349] As administrative staff, I want to deactivate a registered doctor to keep the information up to date.";"[22] [0.5171] As administrative staff, I want to define a doctor's attention hours to enable appointment assignment.";"[3] [0.5002] As administrative staff, I want to edit a registered patient's data to keep the information up to date.";"0.8235";"Alineada";"14, 15";""
"8";"As a patient, I want to receive notifications when my appointment is modified or canceled, so that I am always informed about my schedule.";"[16] [0.9096] As a patient, I want to be notified by email when my appointment is modified so I stay informed.";"[17] [0.8544] As a patient, I want to be notified by text message to my phone number when my appointment is modified so I stay informed.";"[12] [0.6655] As administrative staff, I want to view a patient's scheduled appointments to consult their information.";"[24] [0.6075] As administrative staff, I want to edit a doctor's attention hours to keep the information up to date.";"[13] [0.6063] As administrative staff, I want to register an appointment to schedule a patient's medical care.";"[37] [0.6020] As a patient, I want to be notified by text message to my phone number with the invoice information to stay informed about the charge.";"[36] [0.5644] As a patient, I want to receive an email notification with the invoice attached to access the payment receipt.";"[22] [0.5413] As administrative staff, I want to define a doctor's attention hours to enable appointment assignment.";"[14] [0.5284] As administrative staff, I want to cancel an existing appointment to free up the time slot in the schedule.";"[20] [0.5253] As a patient, I want to consult my electronic clinical record to access my medical information.";"0.9096";"Alineada";"16, 17";""
"9";"As an administrative staff member, I want to manage the status of appointments throughout their lifecycle, so that the hospital can track appointment outcomes.";"[13] [0.7575] As administrative staff, I want to register an appointment to schedule a patient's medical care.";"[12] [0.7293] As administrative staff, I want to view a patient's scheduled appointments to consult their information.";"[22] [0.6764] As administrative staff, I want to define a doctor's attention hours to enable appointment assignment.";"[19] [0.6672] As a doctor, I want to register the diagnosis made during the appointment to document the medical care provided.";"[24] [0.6499] As administrative staff, I want to edit a doctor's attention hours to keep the information up to date.";"[26] [0.6411] As administrative staff, I want to activate a registered doctor to keep the information up to date.";"[4] [0.6409] As administrative staff, I want to register a patient's medical background in their electronic clinical record to understand their health status.";"[1] [0.6364] As administrative staff, I want to register a new patient's data to enroll them in the system.";"[23] [0.6077] As administrative staff, I want to edit a registered doctor's data to keep the information up to date.";"[16] [0.6072] As a patient, I want to be notified by email when my appointment is modified so I stay informed.";"0.7575";"Alineada";"13";""
"10";"As a doctor, I want to register diagnoses, treatments, and patient’s clinical progress in the electronic clinical record, so that patient care is well documented.";"[4] [0.8207] As administrative staff, I want to register a patient's medical background in their electronic clinical record to understand their health status.";"[19] [0.7201] As a doctor, I want to register the diagnosis made during the appointment to document the medical care provided.";"[20] [0.6893] As a patient, I want to consult my electronic clinical record to access my medical information.";"[1] [0.6373] As administrative staff, I want to register a new patient's data to enroll them in the system.";"[38] [0.6090] As a pharmacist, I want to register medications to keep the hospital inventory up to date.";"[18] [0.6037] As a doctor, I want to access a patient's clinical record to review their prior information.";"[3] [0.5997] As administrative staff, I want to edit a registered patient's data to keep the information up to date.";"[11] [0.5594] As administrative staff, I want to view a patient's complete information to consult their personal data.";"[13] [0.5590] As administrative staff, I want to register an appointment to schedule a patient's medical care.";"[23] [0.5523] As administrative staff, I want to edit a registered doctor's data to keep the information up to date.";"0.8207";"Alineada";"4";""
"11";"As a patient, I want to consult my electronic clinical record, so that I can stay informed about my health history.";"[20] [0.9514] As a patient, I want to consult my electronic clinical record to access my medical information.";"[4] [0.8082] As administrative staff, I want to register a patient's medical background in their electronic clinical record to understand their health status.";"[18] [0.7764] As a doctor, I want to access a patient's clinical record to review their prior information.";"[11] [0.7406] As administrative staff, I want to view a patient's complete information to consult their personal data.";"[19] [0.6779] As a doctor, I want to register the diagnosis made during the appointment to document the medical care provided.";"[12] [0.6680] As administrative staff, I want to view a patient's scheduled appointments to consult their information.";"[35] [0.6632] As administrative staff, I want to view a patient's medications to consult their medications.";"[33] [0.6313] As a pharmacist, I want to view a patient's medications to consult their medications.";"[1] [0.6265] As administrative staff, I want to register a new patient's data to enroll them in the system.";"[3] [0.5947] As administrative staff, I want to edit a registered patient's data to keep the information up to date.";"0.9514";"Alineada";"20";""
"12";"As an administrator, I want to register medical professionals with their personal and contact details and associate specialties, so that the hospital can manage staff information.";"[21] [0.8332] As administrative staff, I want to register doctors with their respective specialties to enroll them in the system.";"[26] [0.7226] As administrative staff, I want to activate a registered doctor to keep the information up to date.";"[1] [0.7187] As administrative staff, I want to register a new patient's data to enroll them in the system.";"[13] [0.7092] As administrative staff, I want to register an appointment to schedule a patient's medical care.";"[4] [0.6673] As administrative staff, I want to register a patient's medical background in their electronic clinical record to understand their health status.";"[23] [0.6442] As administrative staff, I want to edit a registered doctor's data to keep the information up to date.";"[38] [0.6113] As a pharmacist, I want to register medications to keep the hospital inventory up to date.";"[39] [0.5997] As a pharmacist, I want to register supplies to keep the hospital inventory up to date.";"[11] [0.5944] As administrative staff, I want to view a patient's complete information to consult their personal data.";"[3] [0.5889] As administrative staff, I want to edit a registered patient's data to keep the information up to date.";"0.8332";"Alineada";"21";""
"13";"As an administrator, I want to define and modify attention hours and activate or deactivate professionals for scheduling, so that doctor availability is accurately reflected.";"[22] [0.8282] As administrative staff, I want to define a doctor's attention hours to enable appointment assignment.";"[24] [0.7965] As administrative staff, I want to edit a doctor's attention hours to keep the information up to date.";"[13] [0.6766] As administrative staff, I want to register an appointment to schedule a patient's medical care.";"[12] [0.6197] As administrative staff, I want to view a patient's scheduled appointments to consult their information.";"[26] [0.6087] As administrative staff, I want to activate a registered doctor to keep the information up to date.";"[25] [0.6031] As administrative staff, I want to deactivate a registered doctor to keep the information up to date.";"[23] [0.5605] As administrative staff, I want to edit a registered doctor's data to keep the information up to date.";"[21] [0.5288] As administrative staff, I want to register doctors with their respective specialties to enroll them in the system.";"[14] [0.5262] As administrative staff, I want to cancel an existing appointment to free up the time slot in the schedule.";"[40] [0.5255] As a pharmacist, I want to edit how many medications are available to keep the hospital inventory up to date.";"0.8282";"Alineada";"22, 24";""
"14";"As an administrator, I want to manage roles and access permissions to system functionalities, so that users only access features relevant to their role.";"[27] [0.7749] As the system, I want to define system roles to organize access to functionalities.";"[28] [0.7596] As the system, I want to associate permissions with each role to control access to system functionalities.";"[24] [0.2863] As administrative staff, I want to edit a doctor's attention hours to keep the information up to date.";"[22] [0.2830] As administrative staff, I want to define a doctor's attention hours to enable appointment assignment.";"[3] [0.2699] As administrative staff, I want to edit a registered patient's data to keep the information up to date.";"[23] [0.2596] As administrative staff, I want to edit a registered doctor's data to keep the information up to date.";"[11] [0.2503] As administrative staff, I want to view a patient's complete information to consult their personal data.";"[35] [0.2502] As administrative staff, I want to view a patient's medications to consult their medications.";"[13] [0.2467] As administrative staff, I want to register an appointment to schedule a patient's medical care.";"[25] [0.2272] As administrative staff, I want to deactivate a registered doctor to keep the information up to date.";"0.7749";"Alineada";"27, 28";""
"15";"As an administrative staff member, I want to generate electronic invoices for medical consultations and medication delivery, so that billing is accurate and efficient.";"[34] [0.8436] As administrative staff, I want to generate an invoice associated with a medication to have a payment receipt.";"[29] [0.8177] As administrative staff, I want to generate an invoice associated with an appointment to have a payment receipt.";"[31] [0.7646] As a pharmacist, I want to generate an invoice associated with a medication to have a payment receipt.";"[36] [0.5841] As a patient, I want to receive an email notification with the invoice attached to access the payment receipt.";"[37] [0.5621] As a patient, I want to be notified by text message to my phone number with the invoice information to stay informed about the charge.";"[30] [0.5433] As the system, I want to generate a unique identifier to identify each invoice.";"[39] [0.5301] As a pharmacist, I want to register supplies to keep the hospital inventory up to date.";"[13] [0.5284] As administrative staff, I want to register an appointment to schedule a patient's medical care.";"[38] [0.5274] As a pharmacist, I want to register medications to keep the hospital inventory up to date.";"[42] [0.5173] As a pharmacist, I want to associate a medication with the patient who collected it so the system generates the corresponding invoice.";"0.8436";"Alineada";"34, 29";""
"16";"As a patient, I want to receive automatic notifications with attached digital invoices when an invoice is generated, so that I am promptly informed about charges.";"[37] [0.7938] As a patient, I want to be notified by text message to my phone number with the invoice information to stay informed about the charge.";"[36] [0.7842] As a patient, I want to receive an email notification with the invoice attached to access the payment receipt.";"[34] [0.6950] As administrative staff, I want to generate an invoice associated with a medication to have a payment receipt.";"[29] [0.6820] As administrative staff, I want to generate an invoice associated with an appointment to have a payment receipt.";"[31] [0.6445] As a pharmacist, I want to generate an invoice associated with a medication to have a payment receipt.";"[16] [0.5931] As a patient, I want to be notified by email when my appointment is modified so I stay informed.";"[17] [0.5885] As a patient, I want to be notified by text message to my phone number when my appointment is modified so I stay informed.";"[42] [0.5189] As a pharmacist, I want to associate a medication with the patient who collected it so the system generates the corresponding invoice.";"[13] [0.5001] As administrative staff, I want to register an appointment to schedule a patient's medical care.";"[1] [0.4808] As administrative staff, I want to register a new patient's data to enroll them in the system.";"0.7938";"Alineada";"36";""
"17";"As a pharmacist, I want to register medications and supplies with identification, stock, and expiration date, so that inventory is accurately tracked.";"[39] [0.8840] As a pharmacist, I want to register supplies to keep the hospital inventory up to date.";"[38] [0.8820] As a pharmacist, I want to register medications to keep the hospital inventory up to date.";"[44] [0.7716] As a pharmacist, I want to consult the medication inventory sorted by expiration date to identify medications about to expire.";"[46] [0.7608] As a pharmacist, I want to consult the supply inventory sorted by expiration date to identify supplies about to expire.";"[43] [0.6862] As a pharmacist, I want to consult the medication inventory sorted by available quantity to quickly identify medications with the lowest or highest stock.";"[42] [0.6695] As a pharmacist, I want to associate a medication with the patient who collected it so the system generates the corresponding invoice.";"[40] [0.6691] As a pharmacist, I want to edit how many medications are available to keep the hospital inventory up to date.";"[31] [0.6680] As a pharmacist, I want to generate an invoice associated with a medication to have a payment receipt.";"[34] [0.6517] As administrative staff, I want to generate an invoice associated with a medication to have a payment receipt.";"[45] [0.6471] As a pharmacist, I want to consult the supply inventory sorted by available quantity to quickly identify supplies with the lowest or highest stock.";"0.8840";"Alineada";"39, 38";""
"18";"As a pharmacist, I want to automatically update stock when registering medication deliveries, so that inventory levels remain current.";"[38] [0.6956] As a pharmacist, I want to register medications to keep the hospital inventory up to date.";"[39] [0.6826] As a pharmacist, I want to register supplies to keep the hospital inventory up to date.";"[40] [0.6626] As a pharmacist, I want to edit how many medications are available to keep the hospital inventory up to date.";"[43] [0.6448] As a pharmacist, I want to consult the medication inventory sorted by available quantity to quickly identify medications with the lowest or highest stock.";"[41] [0.6422] As a pharmacist, I want to edit how many supplies are available to keep the hospital inventory up to date.";"[45] [0.6326] As a pharmacist, I want to consult the supply inventory sorted by available quantity to quickly identify supplies with the lowest or highest stock.";"[46] [0.6021] As a pharmacist, I want to consult the supply inventory sorted by expiration date to identify supplies about to expire.";"[44] [0.5875] As a pharmacist, I want to consult the medication inventory sorted by expiration date to identify medications about to expire.";"[42] [0.5390] As a pharmacist, I want to associate a medication with the patient who collected it so the system generates the corresponding invoice.";"[31] [0.5222] As a pharmacist, I want to generate an invoice associated with a medication to have a payment receipt.";"0.6956";"Posiblemente alineada";"42";"Faltan historias en el conjunto esperado para corresponderse completamente"
"19";"As a pharmacist, I want to be notified when stock is low or items are about to expire, so that I can take timely action.";"[46] [0.7368] As a pharmacist, I want to consult the supply inventory sorted by expiration date to identify supplies about to expire.";"[52] [0.7102] As a pharmacist, I want to know when a supply is about to expire to make timely decisions.";"[44] [0.7092] As a pharmacist, I want to consult the medication inventory sorted by expiration date to identify medications about to expire.";"[51] [0.6483] As a pharmacist, I want to know when a medication is about to expire to make timely decisions.";"[45] [0.6476] As a pharmacist, I want to consult the supply inventory sorted by available quantity to quickly identify supplies with the lowest or highest stock.";"[43] [0.6394] As a pharmacist, I want to consult the medication inventory sorted by available quantity to quickly identify medications with the lowest or highest stock.";"[38] [0.6079] As a pharmacist, I want to register medications to keep the hospital inventory up to date.";"[39] [0.5965] As a pharmacist, I want to register supplies to keep the hospital inventory up to date.";"[48] [0.5906] As a pharmacist, I want to check how many units of a supply are available to make timely decisions.";"[47] [0.5836] As a pharmacist, I want to check how many units of a medication are available to make timely decisions.";"0.7368";"Alineada";"52";""
"20";"As a pharmacist, I want to consult inventory sorted by available quantity or expiration date, so that I can manage stock efficiently.";"[46] [0.8704] As a pharmacist, I want to consult the supply inventory sorted by expiration date to identify supplies about to expire.";"[45] [0.8611] As a pharmacist, I want to consult the supply inventory sorted by available quantity to quickly identify supplies with the lowest or highest stock.";"[43] [0.8601] As a pharmacist, I want to consult the medication inventory sorted by available quantity to quickly identify medications with the lowest or highest stock.";"[44] [0.8354] As a pharmacist, I want to consult the medication inventory sorted by expiration date to identify medications about to expire.";"[52] [0.6632] As a pharmacist, I want to know when a supply is about to expire to make timely decisions.";"[48] [0.6317] As a pharmacist, I want to check how many units of a supply are available to make timely decisions.";"[47] [0.6201] As a pharmacist, I want to check how many units of a medication are available to make timely decisions.";"[57] [0.6118] As an analyst, I want to view supply consumption to evaluate the hospital's inventory usage.";"[39] [0.6047] As a pharmacist, I want to register supplies to keep the hospital inventory up to date.";"[51] [0.5972] As a pharmacist, I want to know when a medication is about to expire to make timely decisions.";"0.8704";"Alineada";"46, 45, 43";""
"21";"As an analyst, I want to generate reports on consultations by specialty, appointment status, financial income, and medication and supplies consumption, with date range filters, so that I can analyze hospital performance.";"[56] [0.6356] As an analyst, I want to view financial reports of the services to evaluate the hospital's income and economic performance.";"[55] [0.6126] As an analyst, I want to view appointment statistics by specialty to evaluate the workload.";"[57] [0.5485] As an analyst, I want to view supply consumption to evaluate the hospital's inventory usage.";"[11] [0.5218] As administrative staff, I want to view a patient's complete information to consult their personal data.";"[39] [0.5062] As a pharmacist, I want to register supplies to keep the hospital inventory up to date.";"[12] [0.5057] As administrative staff, I want to view a patient's scheduled appointments to consult their information.";"[22] [0.5040] As administrative staff, I want to define a doctor's attention hours to enable appointment assignment.";"[21] [0.5039] As administrative staff, I want to register doctors with their respective specialties to enroll them in the system.";"[44] [0.4968] As a pharmacist, I want to consult the medication inventory sorted by expiration date to identify medications about to expire.";"[38] [0.4962] As a pharmacist, I want to register medications to keep the hospital inventory up to date.";"0.6356";"Alineada";"56, 55, 57";""
"22";"As a system administrator, I want to ensure date validations prevent invalid ranges, so that data integrity is maintained.";"[46] [0.3132] As a pharmacist, I want to consult the supply inventory sorted by expiration date to identify supplies about to expire.";"[44] [0.3044] As a pharmacist, I want to consult the medication inventory sorted by expiration date to identify medications about to expire.";"[51] [0.2991] As a pharmacist, I want to know when a medication is about to expire to make timely decisions.";"[52] [0.2924] As a pharmacist, I want to know when a supply is about to expire to make timely decisions.";"[15] [0.2900] As administrative staff, I want to edit an existing appointment to change its date without losing the information.";"[22] [0.2779] As administrative staff, I want to define a doctor's attention hours to enable appointment assignment.";"[24] [0.2749] As administrative staff, I want to edit a doctor's attention hours to keep the information up to date.";"[3] [0.2627] As administrative staff, I want to edit a registered patient's data to keep the information up to date.";"[39] [0.2324] As a pharmacist, I want to register supplies to keep the hospital inventory up to date.";"[23] [0.2273] As administrative staff, I want to edit a registered doctor's data to keep the information up to date.";"0.3132";"Ausente";"";""
"23";"As a system administrator, I want to ensure notifications are sent within a reasonable time after triggering events, so that users are promptly informed.";"[16] [0.4149] As a patient, I want to be notified by email when my appointment is modified so I stay informed.";"[52] [0.3442] As a pharmacist, I want to know when a supply is about to expire to make timely decisions.";"[17] [0.3435] As a patient, I want to be notified by text message to my phone number when my appointment is modified so I stay informed.";"[24] [0.3193] As administrative staff, I want to edit a doctor's attention hours to keep the information up to date.";"[51] [0.3110] As a pharmacist, I want to know when a medication is about to expire to make timely decisions.";"[22] [0.3108] As administrative staff, I want to define a doctor's attention hours to enable appointment assignment.";"[13] [0.2867] As administrative staff, I want to register an appointment to schedule a patient's medical care.";"[36] [0.2588] As a patient, I want to receive an email notification with the invoice attached to access the payment receipt.";"[26] [0.2521] As administrative staff, I want to activate a registered doctor to keep the information up to date.";"[37] [0.2361] As a patient, I want to be notified by text message to my phone number with the invoice information to stay informed about the charge.";"0.4149";"Ausente";"";""